invoiceId,invoiceDate,month,platform,brand,campaignName,amount,legalEntity,comuna,project,pepCode,matched,referenceId,referenceType,mappingBrand,sourceFile
5561173542,2026-04-30,2026-04,Google Ads,Almagro Inmobiliaria,Ajuste de cuadratura,210,Almagro S.A,Sin asignar,Sin asignar,,True,5561173542-ajuste,invoiceNumber,,Facturas Google/Almagro/abril_2026/5561173542_Almagro.pdf
5561173542,2026-04-30,2026-04,Google Ads,Almagro Inmobiliaria,Antofagasta | Demand Gen | Almagro Terra,290721,Almagro S.A,Antofagasta,Almagro Terra,I-ALM-2360,True,5561173542,invoiceNumber,Almagro,Facturas Google/Almagro/abril_2026/5561173542_Almagro.pdf
5561173542,2026-04-30,2026-04,Google Ads,Almagro Inmobiliaria,Antofagasta | Demand Gen | Almagro Terra,250150,Almagro S.A,Antofagasta,Almagro Terra,I-ALM-2360,True,5561173542,invoiceNumber,Almagro,Facturas Google/Almagro/abril_2026/5561173542_Almagro.pdf
5561173542,2026-04-30,2026-04,Google Ads,Almagro Inmobiliaria,Antofagasta | MR | Almagro Terra,795991,Almagro S.A,Antofagasta,Almagro Terra,I-ALM-2360,True,5561173542,invoiceNumber,Almagro,Facturas Google/Almagro/abril_2026/5561173542_Almagro.pdf
5561173542,2026-04-30,2026-04,Google Ads,Almagro Inmobiliaria,Antofagasta | MR | Almagro Terra,7299,Almagro S.A,Antofagasta,Almagro Terra,I-ALM-2360,True,5561173542,invoiceNumber,Almagro,Facturas Google/Almagro/abril_2026/5561173542_Almagro.pdf
5561173542,2026-04-30,2026-04,Google Ads,Almagro Inmobiliaria,Antofagasta | MR | Parque Brasil,467167,Almagro S.A,Antofagasta,Antofagasta,,True,5561173542,invoiceNumber,Almagro,Facturas Google/Almagro/abril_2026/5561173542_Almagro.pdf
5561173542,2026-04-30,2026-04,Google Ads,Almagro Inmobiliaria,Antofagasta | MR | Parque Brasil,17721,Almagro S.A,Antofagasta,Antofagasta,,True,5561173542,invoiceNumber,Almagro,Facturas Google/Almagro/abril_2026/5561173542_Almagro.pdf
5561173542,2026-04-30,2026-04,Google Ads,Almagro Inmobiliaria,Nacional | AO S | Por Categoria | Always On,100073,Almagro S.A,Genérico,Almagro District,I-ALM-2399,True,5561173542,invoiceNumber,Almagro,Facturas Google/Almagro/abril_2026/5561173542_Almagro.pdf
5561173542,2026-04-30,2026-04,Google Ads,Almagro Inmobiliaria,Nacional | AO S | Por Categoria | Always On,100073,Almagro S.A,Genérico,Almagro Hub,I-ALM-2189,True,5561173542,invoiceNumber,Almagro,Facturas Google/Almagro/abril_2026/5561173542_Almagro.pdf
5561173542,2026-04-30,2026-04,Google Ads,Almagro Inmobiliaria,Nacional | AO S | Por Categoria | Always On,100073,Almagro S.A,Genérico,Almagro Plus,I-ALM-2234,True,5561173542,invoiceNumber,Almagro,Facturas Google/Almagro/abril_2026/5561173542_Almagro.pdf
5561173542,2026-04-30,2026-04,Google Ads,Almagro Inmobiliaria,Nacional | AO S | Por Categoria | Always On,100073,Almagro S.A,Genérico,Balance,I-ALM-2358,True,5561173542,invoiceNumber,Almagro,Facturas Google/Almagro/abril_2026/5561173542_Almagro.pdf
5561173542,2026-04-30,2026-04,Google Ads,Almagro Inmobiliaria,Nacional | AO S | Por Categoria | Always On,100072,Almagro S.A,Genérico,Carrera 4,I-ALM-2275,True,5561173542,invoiceNumber,Almagro,Facturas Google/Almagro/abril_2026/5561173542_Almagro.pdf
5561173542,2026-04-30,2026-04,Google Ads,Almagro Inmobiliaria,Nacional | AO S | Por Categoria | Always On,100072,Almagro S.A,Genérico,Indico,I-ALM-1453,True,5561173542,invoiceNumber,Almagro,Facturas Google/Almagro/abril_2026/5561173542_Almagro.pdf
5561173542,2026-04-30,2026-04,Google Ads,Almagro Inmobiliaria,Nacional | AO S | Por Categoria | Always On,100072,Almagro S.A,Genérico,Insigne,I-ALM-2157,True,5561173542,invoiceNumber,Almagro,Facturas Google/Almagro/abril_2026/5561173542_Almagro.pdf
5561173542,2026-04-30,2026-04,Google Ads,Almagro Inmobiliaria,Nacional | AO S | Por Categoria | Always On,100072,Almagro S.A,Genérico,Los Cactus,I-ALM-2342,True,5561173542,invoiceNumber,Almagro,Facturas Google/Almagro/abril_2026/5561173542_Almagro.pdf
5561173542,2026-04-30,2026-04,Google Ads,Almagro Inmobiliaria,Nacional | AO S | Por Categoria | Always On,100072,Almagro S.A,Genérico,Lyon Bilbao,I-ALM-2211,True,5561173542,invoiceNumber,Almagro,Facturas Google/Almagro/abril_2026/5561173542_Almagro.pdf
5561173542,2026-04-30,2026-04,Google Ads,Almagro Inmobiliaria,Nacional | AO S | Por Categoria | Always On,100072,Almagro S.A,Genérico,PLP 1,I-ALM-2226,True,5561173542,invoiceNumber,Almagro,Facturas Google/Almagro/abril_2026/5561173542_Almagro.pdf
5561173542,2026-04-30,2026-04,Google Ads,Almagro Inmobiliaria,Nacional | AO S | Por Categoria | Always On,100072,Almagro S.A,Genérico,PLP 2,I-ALM-2306,True,5561173542,invoiceNumber,Almagro,Facturas Google/Almagro/abril_2026/5561173542_Almagro.pdf
5561173542,2026-04-30,2026-04,Google Ads,Almagro Inmobiliaria,Nacional | AO S | Por Categoria | Always On,100072,Almagro S.A,Genérico,Parque Brasil,I-ALM-2285,True,5561173542,invoiceNumber,Almagro,Facturas Google/Almagro/abril_2026/5561173542_Almagro.pdf
5561173542,2026-04-30,2026-04,Google Ads,Almagro Inmobiliaria,Nacional | AO S | Por Categoria | Always On,100072,Almagro S.A,Genérico,Rengo,I-ALM-2288,True,5561173542,invoiceNumber,Almagro,Facturas Google/Almagro/abril_2026/5561173542_Almagro.pdf
5561173542,2026-04-30,2026-04,Google Ads,Almagro Inmobiliaria,Nacional | AO S | Por Categoria | Always On,100072,Almagro S.A,Genérico,San Eugenio 2,I-ALM-2227,True,5561173542,invoiceNumber,Almagro,Facturas Google/Almagro/abril_2026/5561173542_Almagro.pdf
5561173542,2026-04-30,2026-04,Google Ads,Almagro Inmobiliaria,Norte | AO S | Por Comuna | Antofagasta,1705221,Almagro S.A,Antofagasta,Indico,I-ALM-1453,True,5561173542,invoiceNumber,Almagro,Facturas Google/Almagro/abril_2026/5561173542_Almagro.pdf
5561173542,2026-04-30,2026-04,Google Ads,Almagro Inmobiliaria,Norte | AO S | Por Comuna | Antofagasta,1705221,Almagro S.A,Antofagasta,Parque Brasil,I-ALM-2285,True,5561173542,invoiceNumber,Almagro,Facturas Google/Almagro/abril_2026/5561173542_Almagro.pdf
5561173542,2026-04-30,2026-04,Google Ads,Almagro Inmobiliaria,Santiago | AO S | Inversionistas 2,70780,Almagro S.A,Inversionista,Almagro District,I-ALM-2399,True,5561173542,invoiceNumber,Almagro,Facturas Google/Almagro/abril_2026/5561173542_Almagro.pdf
5561173542,2026-04-30,2026-04,Google Ads,Almagro Inmobiliaria,Santiago | AO S | Inversionistas 2,70780,Almagro S.A,Inversionista,Almagro Hub,I-ALM-2189,True,5561173542,invoiceNumber,Almagro,Facturas Google/Almagro/abril_2026/5561173542_Almagro.pdf
5561173542,2026-04-30,2026-04,Google Ads,Almagro Inmobiliaria,Santiago | AO S | Inversionistas 2,70780,Almagro S.A,Inversionista,Almagro Plus,I-ALM-2234,True,5561173542,invoiceNumber,Almagro,Facturas Google/Almagro/abril_2026/5561173542_Almagro.pdf
5561173542,2026-04-30,2026-04,Google Ads,Almagro Inmobiliaria,Santiago | AO S | Inversionistas 2,70780,Almagro S.A,Inversionista,Balance,I-ALM-2358,True,5561173542,invoiceNumber,Almagro,Facturas Google/Almagro/abril_2026/5561173542_Almagro.pdf
5561173542,2026-04-30,2026-04,Google Ads,Almagro Inmobiliaria,Santiago | AO S | Inversionistas 2,70780,Almagro S.A,Inversionista,Carrera 4,I-ALM-2275,True,5561173542,invoiceNumber,Almagro,Facturas Google/Almagro/abril_2026/5561173542_Almagro.pdf
5561173542,2026-04-30,2026-04,Google Ads,Almagro Inmobiliaria,Santiago | AO S | Inversionistas 2,70780,Almagro S.A,Inversionista,Indico,I-ALM-1453,True,5561173542,invoiceNumber,Almagro,Facturas Google/Almagro/abril_2026/5561173542_Almagro.pdf
5561173542,2026-04-30,2026-04,Google Ads,Almagro Inmobiliaria,Santiago | AO S | Inversionistas 2,70780,Almagro S.A,Inversionista,Insigne,I-ALM-2157,True,5561173542,invoiceNumber,Almagro,Facturas Google/Almagro/abril_2026/5561173542_Almagro.pdf
5561173542,2026-04-30,2026-04,Google Ads,Almagro Inmobiliaria,Santiago | AO S | Inversionistas 2,70780,Almagro S.A,Inversionista,Los Cactus,I-ALM-2342,True,5561173542,invoiceNumber,Almagro,Facturas Google/Almagro/abril_2026/5561173542_Almagro.pdf
5561173542,2026-04-30,2026-04,Google Ads,Almagro Inmobiliaria,Santiago | AO S | Inversionistas 2,70780,Almagro S.A,Inversionista,Lyon Bilbao,I-ALM-2211,True,5561173542,invoiceNumber,Almagro,Facturas Google/Almagro/abril_2026/5561173542_Almagro.pdf
5561173542,2026-04-30,2026-04,Google Ads,Almagro Inmobiliaria,Santiago | AO S | Inversionistas 2,70780,Almagro S.A,Inversionista,PLP 1,I-ALM-2226,True,5561173542,invoiceNumber,Almagro,Facturas Google/Almagro/abril_2026/5561173542_Almagro.pdf
5561173542,2026-04-30,2026-04,Google Ads,Almagro Inmobiliaria,Santiago | AO S | Inversionistas 2,70780,Almagro S.A,Inversionista,PLP 2,I-ALM-2306,True,5561173542,invoiceNumber,Almagro,Facturas Google/Almagro/abril_2026/5561173542_Almagro.pdf
5561173542,2026-04-30,2026-04,Google Ads,Almagro Inmobiliaria,Santiago | AO S | Inversionistas 2,70780,Almagro S.A,Inversionista,Parque Brasil,I-ALM-2285,True,5561173542,invoiceNumber,Almagro,Facturas Google/Almagro/abril_2026/5561173542_Almagro.pdf
5561173542,2026-04-30,2026-04,Google Ads,Almagro Inmobiliaria,Santiago | AO S | Inversionistas 2,70780,Almagro S.A,Inversionista,Rengo,I-ALM-2288,True,5561173542,invoiceNumber,Almagro,Facturas Google/Almagro/abril_2026/5561173542_Almagro.pdf
5561173542,2026-04-30,2026-04,Google Ads,Almagro Inmobiliaria,Santiago | AO S | Inversionistas 2,70780,Almagro S.A,Inversionista,San Eugenio 2,I-ALM-2227,True,5561173542,invoiceNumber,Almagro,Facturas Google/Almagro/abril_2026/5561173542_Almagro.pdf
5561173542,2026-04-30,2026-04,Google Ads,Almagro Inmobiliaria,Santiago | AO S | Por Comuna | Las Condes,1778624,Almagro S.A,Las Condes,Almagro District,I-ALM-2399,True,5561173542,invoiceNumber,Almagro,Facturas Google/Almagro/abril_2026/5561173542_Almagro.pdf
5561173542,2026-04-30,2026-04,Google Ads,Almagro Inmobiliaria,Santiago | AO S | Por Comuna | Las Condes,1778624,Almagro S.A,Las Condes,PLP 1,I-ALM-2226,True,5561173542,invoiceNumber,Almagro,Facturas Google/Almagro/abril_2026/5561173542_Almagro.pdf
5561173542,2026-04-30,2026-04,Google Ads,Almagro Inmobiliaria,Santiago | AO S | Por Comuna | Las Condes,1778624,Almagro S.A,Las Condes,PLP 2,I-ALM-2306,True,5561173542,invoiceNumber,Almagro,Facturas Google/Almagro/abril_2026/5561173542_Almagro.pdf
5561173542,2026-04-30,2026-04,Google Ads,Almagro Inmobiliaria,Santiago | AO S | Por Comuna | Lo Barnechea | Los Cactus,985727,Almagro S.A,Lo Barnechea,Los Cactus,I-ALM-2342,True,5561173542,invoiceNumber,Almagro,Facturas Google/Almagro/abril_2026/5561173542_Almagro.pdf
5561173542,2026-04-30,2026-04,Google Ads,Almagro Inmobiliaria,Santiago | AO S | Por Comuna | Macul | 2,1275361,Almagro S.A,Macul,Insigne,I-ALM-2157,True,5561173542,invoiceNumber,Almagro,Facturas Google/Almagro/abril_2026/5561173542_Almagro.pdf
5561173542,2026-04-30,2026-04,Google Ads,Almagro Inmobiliaria,Santiago | AO S | Por Comuna | Nunoa #2,1527372,Almagro S.A,Ñuñoa,Almagro Plus,I-ALM-2234,True,5561173542,invoiceNumber,Almagro,Facturas Google/Almagro/abril_2026/5561173542_Almagro.pdf
5561173542,2026-04-30,2026-04,Google Ads,Almagro Inmobiliaria,Santiago | AO S | Por Comuna | Nunoa #2,1527372,Almagro S.A,Ñuñoa,San Eugenio 2,I-ALM-2227,True,5561173542,invoiceNumber,Almagro,Facturas Google/Almagro/abril_2026/5561173542_Almagro.pdf
5561173542,2026-04-30,2026-04,Google Ads,Almagro Inmobiliaria,Santiago | AO S | Por Comuna | Providencia,1522648,Almagro S.A,Providencia,Almagro Hub,I-ALM-2189,True,5561173542,invoiceNumber,Almagro,Facturas Google/Almagro/abril_2026/5561173542_Almagro.pdf
5561173542,2026-04-30,2026-04,Google Ads,Almagro Inmobiliaria,Santiago | AO S | Por Comuna | Providencia,1522647,Almagro S.A,Providencia,Balance,I-ALM-2358,True,5561173542,invoiceNumber,Almagro,Facturas Google/Almagro/abril_2026/5561173542_Almagro.pdf
5561173542,2026-04-30,2026-04,Google Ads,Almagro Inmobiliaria,Santiago | AO S | Por Comuna | Providencia,1522647,Almagro S.A,Providencia,Lyon Bilbao,I-ALM-2211,True,5561173542,invoiceNumber,Almagro,Facturas Google/Almagro/abril_2026/5561173542_Almagro.pdf
5561173542,2026-04-30,2026-04,Google Ads,Almagro Inmobiliaria,Santiago | AO S | Por Comuna | Providencia,1522647,Almagro S.A,Providencia,Rengo,I-ALM-2288,True,5561173542,invoiceNumber,Almagro,Facturas Google/Almagro/abril_2026/5561173542_Almagro.pdf
5561173542,2026-04-30,2026-04,Google Ads,Almagro Inmobiliaria,Santiago | AO S | Por Comuna | Santiago Centro #2,1741695,Almagro S.A,Santiago Centro,Carrera 4,I-ALM-2275,True,5561173542,invoiceNumber,Almagro,Facturas Google/Almagro/abril_2026/5561173542_Almagro.pdf
5561173542,2026-04-30,2026-04,Google Ads,Almagro Inmobiliaria,Santiago | AO S | Tudeptoestupie,70238,Almagro S.A,PPP,Almagro District,I-ALM-2399,True,5561173542,invoiceNumber,Almagro,Facturas Google/Almagro/abril_2026/5561173542_Almagro.pdf
5561173542,2026-04-30,2026-04,Google Ads,Almagro Inmobiliaria,Santiago | AO S | Tudeptoestupie,70238,Almagro S.A,PPP,Almagro Hub,I-ALM-2189,True,5561173542,invoiceNumber,Almagro,Facturas Google/Almagro/abril_2026/5561173542_Almagro.pdf
5561173542,2026-04-30,2026-04,Google Ads,Almagro Inmobiliaria,Santiago | AO S | Tudeptoestupie,70237,Almagro S.A,PPP,Almagro Plus,I-ALM-2234,True,5561173542,invoiceNumber,Almagro,Facturas Google/Almagro/abril_2026/5561173542_Almagro.pdf
5561173542,2026-04-30,2026-04,Google Ads,Almagro Inmobiliaria,Santiago | AO S | Tudeptoestupie,70237,Almagro S.A,PPP,Balance,I-ALM-2358,True,5561173542,invoiceNumber,Almagro,Facturas Google/Almagro/abril_2026/5561173542_Almagro.pdf
5561173542,2026-04-30,2026-04,Google Ads,Almagro Inmobiliaria,Santiago | AO S | Tudeptoestupie,70237,Almagro S.A,PPP,Carrera 4,I-ALM-2275,True,5561173542,invoiceNumber,Almagro,Facturas Google/Almagro/abril_2026/5561173542_Almagro.pdf
5561173542,2026-04-30,2026-04,Google Ads,Almagro Inmobiliaria,Santiago | AO S | Tudeptoestupie,70237,Almagro S.A,PPP,Indico,I-ALM-1453,True,5561173542,invoiceNumber,Almagro,Facturas Google/Almagro/abril_2026/5561173542_Almagro.pdf
5561173542,2026-04-30,2026-04,Google Ads,Almagro Inmobiliaria,Santiago | AO S | Tudeptoestupie,70237,Almagro S.A,PPP,Insigne,I-ALM-2157,True,5561173542,invoiceNumber,Almagro,Facturas Google/Almagro/abril_2026/5561173542_Almagro.pdf
5561173542,2026-04-30,2026-04,Google Ads,Almagro Inmobiliaria,Santiago | AO S | Tudeptoestupie,70237,Almagro S.A,PPP,Los Cactus,I-ALM-2342,True,5561173542,invoiceNumber,Almagro,Facturas Google/Almagro/abril_2026/5561173542_Almagro.pdf
5561173542,2026-04-30,2026-04,Google Ads,Almagro Inmobiliaria,Santiago | AO S | Tudeptoestupie,70237,Almagro S.A,PPP,Lyon Bilbao,I-ALM-2211,True,5561173542,invoiceNumber,Almagro,Facturas Google/Almagro/abril_2026/5561173542_Almagro.pdf
5561173542,2026-04-30,2026-04,Google Ads,Almagro Inmobiliaria,Santiago | AO S | Tudeptoestupie,70237,Almagro S.A,PPP,PLP 1,I-ALM-2226,True,5561173542,invoiceNumber,Almagro,Facturas Google/Almagro/abril_2026/5561173542_Almagro.pdf
5561173542,2026-04-30,2026-04,Google Ads,Almagro Inmobiliaria,Santiago | AO S | Tudeptoestupie,70237,Almagro S.A,PPP,PLP 2,I-ALM-2306,True,5561173542,invoiceNumber,Almagro,Facturas Google/Almagro/abril_2026/5561173542_Almagro.pdf
5561173542,2026-04-30,2026-04,Google Ads,Almagro Inmobiliaria,Santiago | AO S | Tudeptoestupie,70237,Almagro S.A,PPP,Parque Brasil,I-ALM-2285,True,5561173542,invoiceNumber,Almagro,Facturas Google/Almagro/abril_2026/5561173542_Almagro.pdf
5561173542,2026-04-30,2026-04,Google Ads,Almagro Inmobiliaria,Santiago | AO S | Tudeptoestupie,70237,Almagro S.A,PPP,Rengo,I-ALM-2288,True,5561173542,invoiceNumber,Almagro,Facturas Google/Almagro/abril_2026/5561173542_Almagro.pdf
5561173542,2026-04-30,2026-04,Google Ads,Almagro Inmobiliaria,Santiago | AO S | Tudeptoestupie,70237,Almagro S.A,PPP,San Eugenio 2,I-ALM-2227,True,5561173542,invoiceNumber,Almagro,Facturas Google/Almagro/abril_2026/5561173542_Almagro.pdf
5561173542,2026-04-30,2026-04,Google Ads,Almagro Inmobiliaria,Santiago | MR | Insigne,474041,Almagro S.A,Macul,Insigne,I-ALM-2157,True,5561173542,invoiceNumber,Almagro,Facturas Google/Almagro/abril_2026/5561173542_Almagro.pdf
5561173542,2026-04-30,2026-04,Google Ads,Almagro Inmobiliaria,Santiago | MR | Insigne,10914,Almagro S.A,Macul,Insigne,I-ALM-2157,True,5561173542,invoiceNumber,Almagro,Facturas Google/Almagro/abril_2026/5561173542_Almagro.pdf
5561173542,2026-04-30,2026-04,Google Ads,Almagro Inmobiliaria,Santiago | MR | Plus,472490,Almagro S.A,Ñuñoa,Almagro Plus,I-ALM-2234,True,5561173542,invoiceNumber,Almagro,Facturas Google/Almagro/abril_2026/5561173542_Almagro.pdf
5561173542,2026-04-30,2026-04,Google Ads,Almagro Inmobiliaria,Santiago | MR | Plus,10838,Almagro S.A,Ñuñoa,Almagro Plus,I-ALM-2234,True,5561173542,invoiceNumber,Almagro,Facturas Google/Almagro/abril_2026/5561173542_Almagro.pdf
5561173542,2026-04-30,2026-04,Google Ads,Almagro Inmobiliaria,Santiago | MR | Rengo,483617,Arcilla Roja,Providencia,Rengo,I-ALM-2288,True,5561173542,invoiceNumber,Almagro,Facturas Google/Almagro/abril_2026/5561173542_Almagro.pdf
5561173542,2026-04-30,2026-04,Google Ads,Almagro Inmobiliaria,Santiago | MR | Rengo,20491,Arcilla Roja,Providencia,Rengo,I-ALM-2288,True,5561173542,invoiceNumber,Almagro,Facturas Google/Almagro/abril_2026/5561173542_Almagro.pdf
5561290576,2026-04-30,2026-04,Google Ads,Socovesa,Ajuste de cuadratura,-1500,Socovesa Sur S.A,Sin asignar,Sin asignar,,True,5561290576-ajuste,invoiceNumber,,Facturas Google/Socovesa/abril_2026/5561290576_Socovesa.pdf
5561290576,2026-04-30,2026-04,Google Ads,Socovesa,Centro Sur | AO S | Por Ciudad | Chillan 2,372206,Socovesa Sur S.A,Chillán,Nueva Toledo,I-SUR-2334,True,5561290576,invoiceNumber,Socovesa Sur,Facturas Google/Socovesa/abril_2026/5561290576_Socovesa.pdf
5561290576,2026-04-30,2026-04,Google Ads,Socovesa,Centro Sur | AO S | Por Ciudad | Chillan 2,372205,Socovesa Sur S.A,Chillán,PDL,I-SUR-2372,True,5561290576,invoiceNumber,Socovesa Sur,Facturas Google/Socovesa/abril_2026/5561290576_Socovesa.pdf
5561290576,2026-04-30,2026-04,Google Ads,Socovesa,Centro Sur | AO S | Por Ciudad | Los Angeles #2,208649,Socovesa Sur S.A,Los Ángeles,Alto Maderos,I-SUR-2335,True,5561290576,invoiceNumber,Socovesa Sur,Facturas Google/Socovesa/abril_2026/5561290576_Socovesa.pdf
5561290576,2026-04-30,2026-04,Google Ads,Socovesa,Centro Sur | AO S | Por Ciudad | Los Angeles #2,208648,Socovesa Sur S.A,Los Ángeles,Parque Avellanos,I-SUR-2336,True,5561290576,invoiceNumber,Socovesa Sur,Facturas Google/Socovesa/abril_2026/5561290576_Socovesa.pdf
5561290576,2026-04-30,2026-04,Google Ads,Socovesa,Santiago | AO S | Comuna | La Florida,1005266,ANGAMOS / TERRA,Sin asignar,Almagro Terra,I-ALM-2360,True,5561290576,invoiceNumber,,Facturas Google/Socovesa/abril_2026/5561290576_Socovesa.pdf
5561290576,2026-04-30,2026-04,Google Ads,Socovesa,Santiago | AO S | Por Categoria | Always On Santiago,381494,INSOCO,Genérico,Coipue,I-STG-2229,True,5561290576,invoiceNumber,Socovesa Santiago,Facturas Google/Socovesa/abril_2026/5561290576_Socovesa.pdf
5561290576,2026-04-30,2026-04,Google Ads,Socovesa,Santiago | AO S | Por Categoria | Always On Santiago,381493,INSOCO,Genérico,Las Palmas,I-STG-2205,True,5561290576,invoiceNumber,Socovesa Santiago,Facturas Google/Socovesa/abril_2026/5561290576_Socovesa.pdf
5561290576,2026-04-30,2026-04,Google Ads,Socovesa,Santiago | AO S | Por Categoria | Always On Santiago,381493,INSOCO,Genérico,Las Pataguas,I-STG-2366,True,5561290576,invoiceNumber,Socovesa Santiago,Facturas Google/Socovesa/abril_2026/5561290576_Socovesa.pdf
5561290576,2026-04-30,2026-04,Google Ads,Socovesa,Santiago | AO S | Por Categoria | Always On Santiago,381493,INSOCO,Genérico,Los Coihues,I-STG-2325,True,5561290576,invoiceNumber,Socovesa Santiago,Facturas Google/Socovesa/abril_2026/5561290576_Socovesa.pdf
5561290576,2026-04-30,2026-04,Google Ads,Socovesa,Santiago | AO S | Por Categoria | Always On Santiago,381493,INSOCO,Genérico,Marathon,I-SVS-2349,True,5561290576,invoiceNumber,Socovesa Santiago,Facturas Google/Socovesa/abril_2026/5561290576_Socovesa.pdf
5561290576,2026-04-30,2026-04,Google Ads,Socovesa,Santiago | AO S | Por Categoria | Always On Santiago,381493,INSOCO,Genérico,Pajaritos,I-STG-2204,True,5561290576,invoiceNumber,Socovesa Santiago,Facturas Google/Socovesa/abril_2026/5561290576_Socovesa.pdf
5561290576,2026-04-30,2026-04,Google Ads,Socovesa,Santiago | AO S | Por Comuna | Lampa,1765057,Inmobiliaria Encinas de Peñalolen,Lampa,Los Coihues,I-STG-2325,True,5561290576,invoiceNumber,Socovesa Santiago,Facturas Google/Socovesa/abril_2026/5561290576_Socovesa.pdf
5561290576,2026-04-30,2026-04,Google Ads,Socovesa,Santiago | AO S | Por Comuna | Maipu V2,1726276,Inmobiliaria El Descubridor,Maipú,Pajaritos,I-STG-2204,True,5561290576,invoiceNumber,Socovesa Santiago,Facturas Google/Socovesa/abril_2026/5561290576_Socovesa.pdf
5561290576,2026-04-30,2026-04,Google Ads,Socovesa,Santiago | AO S | Por Comuna | Ñuñoa #2,1745482,Inmobiliaria El Descubridor,Ñuñoa,Marathon,I-SVS-2349,True,5561290576,invoiceNumber,Socovesa Santiago,Facturas Google/Socovesa/abril_2026/5561290576_Socovesa.pdf
5561290576,2026-04-30,2026-04,Google Ads,Socovesa,Santiago | AO S | Por Proyecto | Las Pataguas | Lampa,2212252,Inmobiliaria Encinas de Peñalolen,Lampa,Las Pataguas,I-STG-2366,True,5561290576,invoiceNumber,Socovesa Santiago,Facturas Google/Socovesa/abril_2026/5561290576_Socovesa.pdf
5561290576,2026-04-30,2026-04,Google Ads,Socovesa,Santiago | AO S | Por Proyecto | Macul | Coipué,1596248,Sociedad Comercializadora Metropolitana,Macul,Coipue,I-STG-2229,True,5561290576,invoiceNumber,Socovesa Santiago,Facturas Google/Socovesa/abril_2026/5561290576_Socovesa.pdf
5561290576,2026-04-30,2026-04,Google Ads,Socovesa,Santiago | Max. Rend. | Por Proyecto | Lampa | Los Coihues,598804,Inmobiliaria Encinas de Peñalolen,Lampa,Los Coihues,I-STG-2325,True,5561290576,invoiceNumber,Socovesa Santiago,Facturas Google/Socovesa/abril_2026/5561290576_Socovesa.pdf
5561290576,2026-04-30,2026-04,Google Ads,Socovesa,Santiago | Max. Rend. | Por Proyecto | Lampa | Los Coihues,12557,Inmobiliaria Encinas de Peñalolen,Lampa,Los Coihues,I-STG-2325,True,5561290576,invoiceNumber,Socovesa Santiago,Facturas Google/Socovesa/abril_2026/5561290576_Socovesa.pdf
5561290576,2026-04-30,2026-04,Google Ads,Socovesa,Santiago | Max. Rend. | Por Proyecto | Maipú | Pajaritos,609309,Inmobiliaria El Descubridor,Maipú,Pajaritos,I-STG-2204,True,5561290576,invoiceNumber,Socovesa Santiago,Facturas Google/Socovesa/abril_2026/5561290576_Socovesa.pdf
5561290576,2026-04-30,2026-04,Google Ads,Socovesa,Santiago | Max. Rend. | Por Proyecto | Maipú | Pajaritos,3563,Inmobiliaria El Descubridor,Maipú,Pajaritos,I-STG-2204,True,5561290576,invoiceNumber,Socovesa Santiago,Facturas Google/Socovesa/abril_2026/5561290576_Socovesa.pdf
5561290576,2026-04-30,2026-04,Google Ads,Socovesa,Santiago | Max. Rend. | Por Proyecto | Ñuñoa | Marathon,611746,Pilares S.A,Ñuñoa,Marathon,I-SVS-2349,True,5561290576,invoiceNumber,Socovesa Santiago,Facturas Google/Socovesa/abril_2026/5561290576_Socovesa.pdf
5561290576,2026-04-30,2026-04,Google Ads,Socovesa,Santiago | Max. Rend. | Por Proyecto | Ñuñoa | Marathon,3761,Pilares S.A,Ñuñoa,Marathon,I-SVS-2349,True,5561290576,invoiceNumber,Socovesa Santiago,Facturas Google/Socovesa/abril_2026/5561290576_Socovesa.pdf
5561290576,2026-04-30,2026-04,Google Ads,Socovesa,Sur Austral | AO S | Por Ciudad | Puerto Montt,805079,Socovesa Sur S.A,Puerto Montt,Portal Austral,I-SUR-2340,True,5561290576,invoiceNumber,Socovesa Sur,Facturas Google/Socovesa/abril_2026/5561290576_Socovesa.pdf
5561290576,2026-04-30,2026-04,Google Ads,Socovesa,Sur Austral | AO S | Por Ciudad | Puerto Montt,805078,Socovesa Sur S.A,Puerto Montt,Terraza Mirador,I-SUR-2333,True,5561290576,invoiceNumber,Socovesa Sur,Facturas Google/Socovesa/abril_2026/5561290576_Socovesa.pdf
5561290576,2026-04-30,2026-04,Google Ads,Socovesa,Sur Austral | AO S | Por Ciudad | Punta Arenas,412358,Socovesa Sur S.A,Punta Arenas,Reserva Magallanes,I-SUR-2323,True,5561290576,invoiceNumber,Socovesa Sur,Facturas Google/Socovesa/abril_2026/5561290576_Socovesa.pdf
5561290576,2026-04-30,2026-04,Google Ads,Socovesa,Sur | AO S | Inversionistas,27222,Socovesa Sur S.A,Inversionista,Alto Maderos,I-SUR-2335,True,5561290576,invoiceNumber,Socovesa Sur,Facturas Google/Socovesa/abril_2026/5561290576_Socovesa.pdf
5561290576,2026-04-30,2026-04,Google Ads,Socovesa,Sur | AO S | Inversionistas,27222,Socovesa Sur S.A,Inversionista,Edificio Vértice,I-SUR-2297,True,5561290576,invoiceNumber,Socovesa Sur,Facturas Google/Socovesa/abril_2026/5561290576_Socovesa.pdf
5561290576,2026-04-30,2026-04,Google Ads,Socovesa,Sur | AO S | Inversionistas,27222,Socovesa Sur S.A,Inversionista,García Reyes,I-SUR-2283,True,5561290576,invoiceNumber,Socovesa Sur,Facturas Google/Socovesa/abril_2026/5561290576_Socovesa.pdf
5561290576,2026-04-30,2026-04,Google Ads,Socovesa,Sur | AO S | Inversionistas,27222,Socovesa Sur S.A,Inversionista,Icono,,True,5561290576,invoiceNumber,Socovesa Sur,Facturas Google/Socovesa/abril_2026/5561290576_Socovesa.pdf
5561290576,2026-04-30,2026-04,Google Ads,Socovesa,Sur | AO S | Inversionistas,27222,Socovesa Sur S.A,Inversionista,N3,I-SUR-2331,True,5561290576,invoiceNumber,Socovesa Sur,Facturas Google/Socovesa/abril_2026/5561290576_Socovesa.pdf
5561290576,2026-04-30,2026-04,Google Ads,Socovesa,Sur | AO S | Inversionistas,27222,Socovesa Sur S.A,Inversionista,Nueva Toledo,I-SUR-2334,True,5561290576,invoiceNumber,Socovesa Sur,Facturas Google/Socovesa/abril_2026/5561290576_Socovesa.pdf
5561290576,2026-04-30,2026-04,Google Ads,Socovesa,Sur | AO S | Inversionistas,27222,Socovesa Sur S.A,Inversionista,O3,I-SUR-2373,True,5561290576,invoiceNumber,Socovesa Sur,Facturas Google/Socovesa/abril_2026/5561290576_Socovesa.pdf
5561290576,2026-04-30,2026-04,Google Ads,Socovesa,Sur | AO S | Inversionistas,27222,Socovesa Sur S.A,Inversionista,Origen,I-SUR-2346,True,5561290576,invoiceNumber,Socovesa Sur,Facturas Google/Socovesa/abril_2026/5561290576_Socovesa.pdf
5561290576,2026-04-30,2026-04,Google Ads,Socovesa,Sur | AO S | Inversionistas,27222,Socovesa Sur S.A,Inversionista,PDL,I-SUR-2372,True,5561290576,invoiceNumber,Socovesa Sur,Facturas Google/Socovesa/abril_2026/5561290576_Socovesa.pdf
5561290576,2026-04-30,2026-04,Google Ads,Socovesa,Sur | AO S | Inversionistas,27222,Socovesa Sur S.A,Inversionista,Parque Avellanos,I-SUR-2336,True,5561290576,invoiceNumber,Socovesa Sur,Facturas Google/Socovesa/abril_2026/5561290576_Socovesa.pdf
5561290576,2026-04-30,2026-04,Google Ads,Socovesa,Sur | AO S | Inversionistas,27221,Socovesa Sur S.A,Inversionista,Portal Austral,I-SUR-2340,True,5561290576,invoiceNumber,Socovesa Sur,Facturas Google/Socovesa/abril_2026/5561290576_Socovesa.pdf
5561290576,2026-04-30,2026-04,Google Ads,Socovesa,Sur | AO S | Inversionistas,27221,Socovesa Sur S.A,Inversionista,Reserva Magallanes,I-SUR-2323,True,5561290576,invoiceNumber,Socovesa Sur,Facturas Google/Socovesa/abril_2026/5561290576_Socovesa.pdf
5561290576,2026-04-30,2026-04,Google Ads,Socovesa,Sur | AO S | Inversionistas,27221,Socovesa Sur S.A,Inversionista,Terraza Mirador,I-SUR-2333,True,5561290576,invoiceNumber,Socovesa Sur,Facturas Google/Socovesa/abril_2026/5561290576_Socovesa.pdf
5561290576,2026-04-30,2026-04,Google Ads,Socovesa,Sur | AO S | Por Categoria | Always On Sur,126259,Socovesa Sur S.A,Genérico,Alto Maderos,I-SUR-2335,True,5561290576,invoiceNumber,Socovesa Sur,Facturas Google/Socovesa/abril_2026/5561290576_Socovesa.pdf
5561290576,2026-04-30,2026-04,Google Ads,Socovesa,Sur | AO S | Por Categoria | Always On Sur,126259,Socovesa Sur S.A,Genérico,Edificio Vértice,I-SUR-2297,True,5561290576,invoiceNumber,Socovesa Sur,Facturas Google/Socovesa/abril_2026/5561290576_Socovesa.pdf
5561290576,2026-04-30,2026-04,Google Ads,Socovesa,Sur | AO S | Por Categoria | Always On Sur,126259,Socovesa Sur S.A,Genérico,García Reyes,I-SUR-2283,True,5561290576,invoiceNumber,Socovesa Sur,Facturas Google/Socovesa/abril_2026/5561290576_Socovesa.pdf
5561290576,2026-04-30,2026-04,Google Ads,Socovesa,Sur | AO S | Por Categoria | Always On Sur,126259,Socovesa Sur S.A,Genérico,Icono,,True,5561290576,invoiceNumber,Socovesa Sur,Facturas Google/Socovesa/abril_2026/5561290576_Socovesa.pdf
5561290576,2026-04-30,2026-04,Google Ads,Socovesa,Sur | AO S | Por Categoria | Always On Sur,126259,Socovesa Sur S.A,Genérico,N3,I-SUR-2331,True,5561290576,invoiceNumber,Socovesa Sur,Facturas Google/Socovesa/abril_2026/5561290576_Socovesa.pdf
5561290576,2026-04-30,2026-04,Google Ads,Socovesa,Sur | AO S | Por Categoria | Always On Sur,126259,Socovesa Sur S.A,Genérico,Nueva Toledo,I-SUR-2334,True,5561290576,invoiceNumber,Socovesa Sur,Facturas Google/Socovesa/abril_2026/5561290576_Socovesa.pdf
5561290576,2026-04-30,2026-04,Google Ads,Socovesa,Sur | AO S | Por Categoria | Always On Sur,126258,Socovesa Sur S.A,Genérico,O3,I-SUR-2373,True,5561290576,invoiceNumber,Socovesa Sur,Facturas Google/Socovesa/abril_2026/5561290576_Socovesa.pdf
5561290576,2026-04-30,2026-04,Google Ads,Socovesa,Sur | AO S | Por Categoria | Always On Sur,126258,Socovesa Sur S.A,Genérico,Origen,I-SUR-2346,True,5561290576,invoiceNumber,Socovesa Sur,Facturas Google/Socovesa/abril_2026/5561290576_Socovesa.pdf
5561290576,2026-04-30,2026-04,Google Ads,Socovesa,Sur | AO S | Por Categoria | Always On Sur,126258,Socovesa Sur S.A,Genérico,PDL,I-SUR-2372,True,5561290576,invoiceNumber,Socovesa Sur,Facturas Google/Socovesa/abril_2026/5561290576_Socovesa.pdf
5561290576,2026-04-30,2026-04,Google Ads,Socovesa,Sur | AO S | Por Categoria | Always On Sur,126258,Socovesa Sur S.A,Genérico,Parque Avellanos,I-SUR-2336,True,5561290576,invoiceNumber,Socovesa Sur,Facturas Google/Socovesa/abril_2026/5561290576_Socovesa.pdf
5561290576,2026-04-30,2026-04,Google Ads,Socovesa,Sur | AO S | Por Categoria | Always On Sur,126258,Socovesa Sur S.A,Genérico,Portal Austral,I-SUR-2340,True,5561290576,invoiceNumber,Socovesa Sur,Facturas Google/Socovesa/abril_2026/5561290576_Socovesa.pdf
5561290576,2026-04-30,2026-04,Google Ads,Socovesa,Sur | AO S | Por Categoria | Always On Sur,126258,Socovesa Sur S.A,Genérico,Reserva Magallanes,I-SUR-2323,True,5561290576,invoiceNumber,Socovesa Sur,Facturas Google/Socovesa/abril_2026/5561290576_Socovesa.pdf
5561290576,2026-04-30,2026-04,Google Ads,Socovesa,Sur | AO S | Por Categoria | Always On Sur,126258,Socovesa Sur S.A,Genérico,Terraza Mirador,I-SUR-2333,True,5561290576,invoiceNumber,Socovesa Sur,Facturas Google/Socovesa/abril_2026/5561290576_Socovesa.pdf
5561290576,2026-04-30,2026-04,Google Ads,Socovesa,Sur | AO S | Por Ciudad | Temuco,242865,Socovesa Sur S.A,Temuco,Edificio Vértice,I-SUR-2297,True,5561290576,invoiceNumber,Socovesa Sur,Facturas Google/Socovesa/abril_2026/5561290576_Socovesa.pdf
5561290576,2026-04-30,2026-04,Google Ads,Socovesa,Sur | AO S | Por Ciudad | Temuco,242865,Socovesa Sur S.A,Temuco,Icono,,True,5561290576,invoiceNumber,Socovesa Sur,Facturas Google/Socovesa/abril_2026/5561290576_Socovesa.pdf
5561290576,2026-04-30,2026-04,Google Ads,Socovesa,Sur | AO S | Por Ciudad | Temuco,242865,Socovesa Sur S.A,Temuco,N3,I-SUR-2331,True,5561290576,invoiceNumber,Socovesa Sur,Facturas Google/Socovesa/abril_2026/5561290576_Socovesa.pdf
5561290576,2026-04-30,2026-04,Google Ads,Socovesa,Sur | AO S | Por Ciudad | Temuco,242865,Socovesa Sur S.A,Temuco,O3,I-SUR-2373,True,5561290576,invoiceNumber,Socovesa Sur,Facturas Google/Socovesa/abril_2026/5561290576_Socovesa.pdf
5561290576,2026-04-30,2026-04,Google Ads,Socovesa,Sur | AO S | Por Ciudad | Temuco,242864,Socovesa Sur S.A,Temuco,Origen,I-SUR-2346,True,5561290576,invoiceNumber,Socovesa Sur,Facturas Google/Socovesa/abril_2026/5561290576_Socovesa.pdf
5561290576,2026-04-30,2026-04,Google Ads,Socovesa,Sur | AO S | Valdivia,596473,Socovesa Sur S.A,Valdivia,García Reyes,I-SUR-2283,True,5561290576,invoiceNumber,Socovesa Sur,Facturas Google/Socovesa/abril_2026/5561290576_Socovesa.pdf
5565266948,2026-04-30,2026-04,Google Ads,Pilares,Ajuste de cuadratura,799434,Pilares S.A,Sin asignar,Sin asignar,,True,5565266948-ajuste,invoiceNumber,,Facturas Google/Pilares/abril_2026/5565266948_Pilares.pdf
5565266948,2026-04-30,2026-04,Google Ads,Pilares,Santiago | AO S | Always On,139567,Pilares S.A,Genérico,Conde del Maule,I-SVS-2255,True,5565266948,invoiceNumber,Pilares,Facturas Google/Pilares/abril_2026/5565266948_Pilares.pdf
5565266948,2026-04-30,2026-04,Google Ads,Pilares,Santiago | AO S | Always On,139567,Pilares S.A,Genérico,Edificio Ñuble,I-SVS-2173,True,5565266948,invoiceNumber,Pilares,Facturas Google/Pilares/abril_2026/5565266948_Pilares.pdf
5565266948,2026-04-30,2026-04,Google Ads,Pilares,Santiago | AO S | Always On,139566,Pilares S.A,Genérico,Guillermo Mann,I-SVS-2250,True,5565266948,invoiceNumber,Pilares,Facturas Google/Pilares/abril_2026/5565266948_Pilares.pdf
5565266948,2026-04-30,2026-04,Google Ads,Pilares,Santiago | AO S | Always On,139566,Pilares S.A,Genérico,Lo Ovalle,I-SVS-2296,True,5565266948,invoiceNumber,Pilares,Facturas Google/Pilares/abril_2026/5565266948_Pilares.pdf
5565266948,2026-04-30,2026-04,Google Ads,Pilares,Santiago | AO S | Always On,139566,Pilares S.A,Genérico,Rodriguez Velasco,I-SVS-2289,True,5565266948,invoiceNumber,Pilares,Facturas Google/Pilares/abril_2026/5565266948_Pilares.pdf
5565266948,2026-04-30,2026-04,Google Ads,Pilares,Santiago | AO S | Always On,139566,Pilares S.A,Genérico,Santos Dumont,I-SVS-2246,True,5565266948,invoiceNumber,Pilares,Facturas Google/Pilares/abril_2026/5565266948_Pilares.pdf
5565266948,2026-04-30,2026-04,Google Ads,Pilares,Santiago | AO S | Always On,139566,Pilares S.A,Genérico,Vicuña Mackenna 7244,I-SVS-2131,True,5565266948,invoiceNumber,Pilares,Facturas Google/Pilares/abril_2026/5565266948_Pilares.pdf
5565266948,2026-04-30,2026-04,Google Ads,Pilares,Santiago | AO S | Inversionistas 2,142977,Pilares S.A,Inversionista,Conde del Maule,I-SVS-2255,True,5565266948,invoiceNumber,Pilares,Facturas Google/Pilares/abril_2026/5565266948_Pilares.pdf
5565266948,2026-04-30,2026-04,Google Ads,Pilares,Santiago | AO S | Inversionistas 2,142977,Pilares S.A,Inversionista,Edificio Ñuble,I-SVS-2173,True,5565266948,invoiceNumber,Pilares,Facturas Google/Pilares/abril_2026/5565266948_Pilares.pdf
5565266948,2026-04-30,2026-04,Google Ads,Pilares,Santiago | AO S | Inversionistas 2,142977,Pilares S.A,Inversionista,Guillermo Mann,I-SVS-2250,True,5565266948,invoiceNumber,Pilares,Facturas Google/Pilares/abril_2026/5565266948_Pilares.pdf
5565266948,2026-04-30,2026-04,Google Ads,Pilares,Santiago | AO S | Inversionistas 2,142977,Pilares S.A,Inversionista,Lo Ovalle,I-SVS-2296,True,5565266948,invoiceNumber,Pilares,Facturas Google/Pilares/abril_2026/5565266948_Pilares.pdf
5565266948,2026-04-30,2026-04,Google Ads,Pilares,Santiago | AO S | Inversionistas 2,142977,Pilares S.A,Inversionista,Rodriguez Velasco,I-SVS-2289,True,5565266948,invoiceNumber,Pilares,Facturas Google/Pilares/abril_2026/5565266948_Pilares.pdf
5565266948,2026-04-30,2026-04,Google Ads,Pilares,Santiago | AO S | Inversionistas 2,142977,Pilares S.A,Inversionista,Santos Dumont,I-SVS-2246,True,5565266948,invoiceNumber,Pilares,Facturas Google/Pilares/abril_2026/5565266948_Pilares.pdf
5565266948,2026-04-30,2026-04,Google Ads,Pilares,Santiago | AO S | Inversionistas 2,142976,Pilares S.A,Inversionista,Vicuña Mackenna 7244,I-SVS-2131,True,5565266948,invoiceNumber,Pilares,Facturas Google/Pilares/abril_2026/5565266948_Pilares.pdf
5565266948,2026-04-30,2026-04,Google Ads,Pilares,Santiago | AO S | Por Comuna | Estacion Central #2,1046201,ICSA,Estación Central,Conde del Maule,I-SVS-2255,True,5565266948,invoiceNumber,Pilares,Facturas Google/Pilares/abril_2026/5565266948_Pilares.pdf
5565266948,2026-04-30,2026-04,Google Ads,Pilares,Santiago | AO S | Por Comuna | Independencia,1030756,ICSA,Independencia,Santos Dumont,I-SVS-2246,True,5565266948,invoiceNumber,Pilares,Facturas Google/Pilares/abril_2026/5565266948_Pilares.pdf
5565266948,2026-04-30,2026-04,Google Ads,Pilares,Santiago | AO S | Por Comuna | La Cisterna,982013,ICSA,La Cisterna,Lo Ovalle,I-SVS-2296,True,5565266948,invoiceNumber,Pilares,Facturas Google/Pilares/abril_2026/5565266948_Pilares.pdf
5565266948,2026-04-30,2026-04,Google Ads,Pilares,Santiago | AO S | Por Comuna | La Florida,978222,Pilares S.A,La Florida,Rodriguez Velasco,I-SVS-2289,True,5565266948,invoiceNumber,Pilares,Facturas Google/Pilares/abril_2026/5565266948_Pilares.pdf
5565266948,2026-04-30,2026-04,Google Ads,Pilares,Santiago | AO S | Por Comuna | La Florida,978221,Pilares S.A,La Florida,Vicuña Mackenna 7244,I-SVS-2131,True,5565266948,invoiceNumber,Pilares,Facturas Google/Pilares/abril_2026/5565266948_Pilares.pdf
5565266948,2026-04-30,2026-04,Google Ads,Pilares,Santiago | AO S | Por Comuna | Santiago Centro #2,1701262,ICSA,Santiago Centro,Edificio Ñuble,I-SVS-2173,True,5565266948,invoiceNumber,Pilares,Facturas Google/Pilares/abril_2026/5565266948_Pilares.pdf
5565266948,2026-04-30,2026-04,Google Ads,Pilares,Santiago | AO S | Por Comuna | Ñuñoa #2,985034,Pilares S.A,Ñuñoa,Guillermo Mann,I-SVS-2250,True,5565266948,invoiceNumber,Pilares,Facturas Google/Pilares/abril_2026/5565266948_Pilares.pdf
5565266948,2026-04-30,2026-04,Google Ads,Pilares,Santiago | YT | Por proyecto | Franklin | Santiago Centro,532608,FRANKLIN 360 TORRE A / NATIVO,Sin asignar,Franklin,I-ALM-2212,True,5565266948,invoiceNumber,,Facturas Google/Pilares/abril_2026/5565266948_Pilares.pdf
5570571122,2026-04-30,2026-04,Google Ads,Almagro Propiedades,Ajuste de cuadratura,-1170,Almagro S.A,Sin asignar,Sin asignar,,True,5570571122-ajuste,invoiceNumber,,Facturas Google/Almagro Propiedades/abril_2026/5570571122_Almagro Propiedades.pdf
5570571122,2026-04-30,2026-04,Google Ads,Almagro Propiedades,Nacional | AO S | Por Categoria | Propiedades,69945,Almagro S.A,Propiedades,Almagro District,I-ALM-2399,True,5570571122,invoiceNumber,Almagro,Facturas Google/Almagro Propiedades/abril_2026/5570571122_Almagro Propiedades.pdf
5570571122,2026-04-30,2026-04,Google Ads,Almagro Propiedades,Nacional | AO S | Por Categoria | Propiedades,69945,Almagro S.A,Propiedades,Almagro Hub,I-ALM-2189,True,5570571122,invoiceNumber,Almagro,Facturas Google/Almagro Propiedades/abril_2026/5570571122_Almagro Propiedades.pdf
5570571122,2026-04-30,2026-04,Google Ads,Almagro Propiedades,Nacional | AO S | Por Categoria | Propiedades,69945,Almagro S.A,Propiedades,Almagro Plus,I-ALM-2234,True,5570571122,invoiceNumber,Almagro,Facturas Google/Almagro Propiedades/abril_2026/5570571122_Almagro Propiedades.pdf
5570571122,2026-04-30,2026-04,Google Ads,Almagro Propiedades,Nacional | AO S | Por Categoria | Propiedades,69945,Almagro S.A,Propiedades,Balance,I-ALM-2358,True,5570571122,invoiceNumber,Almagro,Facturas Google/Almagro Propiedades/abril_2026/5570571122_Almagro Propiedades.pdf
5570571122,2026-04-30,2026-04,Google Ads,Almagro Propiedades,Nacional | AO S | Por Categoria | Propiedades,69945,Almagro S.A,Propiedades,Carrera 4,I-ALM-2275,True,5570571122,invoiceNumber,Almagro,Facturas Google/Almagro Propiedades/abril_2026/5570571122_Almagro Propiedades.pdf
5570571122,2026-04-30,2026-04,Google Ads,Almagro Propiedades,Nacional | AO S | Por Categoria | Propiedades,69944,Almagro S.A,Propiedades,Indico,I-ALM-1453,True,5570571122,invoiceNumber,Almagro,Facturas Google/Almagro Propiedades/abril_2026/5570571122_Almagro Propiedades.pdf
5570571122,2026-04-30,2026-04,Google Ads,Almagro Propiedades,Nacional | AO S | Por Categoria | Propiedades,69944,Almagro S.A,Propiedades,Insigne,I-ALM-2157,True,5570571122,invoiceNumber,Almagro,Facturas Google/Almagro Propiedades/abril_2026/5570571122_Almagro Propiedades.pdf
5570571122,2026-04-30,2026-04,Google Ads,Almagro Propiedades,Nacional | AO S | Por Categoria | Propiedades,69944,Almagro S.A,Propiedades,Los Cactus,I-ALM-2342,True,5570571122,invoiceNumber,Almagro,Facturas Google/Almagro Propiedades/abril_2026/5570571122_Almagro Propiedades.pdf
5570571122,2026-04-30,2026-04,Google Ads,Almagro Propiedades,Nacional | AO S | Por Categoria | Propiedades,69944,Almagro S.A,Propiedades,Lyon Bilbao,I-ALM-2211,True,5570571122,invoiceNumber,Almagro,Facturas Google/Almagro Propiedades/abril_2026/5570571122_Almagro Propiedades.pdf
5570571122,2026-04-30,2026-04,Google Ads,Almagro Propiedades,Nacional | AO S | Por Categoria | Propiedades,69944,Almagro S.A,Propiedades,PLP 1,I-ALM-2226,True,5570571122,invoiceNumber,Almagro,Facturas Google/Almagro Propiedades/abril_2026/5570571122_Almagro Propiedades.pdf
5570571122,2026-04-30,2026-04,Google Ads,Almagro Propiedades,Nacional | AO S | Por Categoria | Propiedades,69944,Almagro S.A,Propiedades,PLP 2,I-ALM-2306,True,5570571122,invoiceNumber,Almagro,Facturas Google/Almagro Propiedades/abril_2026/5570571122_Almagro Propiedades.pdf
5570571122,2026-04-30,2026-04,Google Ads,Almagro Propiedades,Nacional | AO S | Por Categoria | Propiedades,69944,Almagro S.A,Propiedades,Parque Brasil,I-ALM-2285,True,5570571122,invoiceNumber,Almagro,Facturas Google/Almagro Propiedades/abril_2026/5570571122_Almagro Propiedades.pdf
5570571122,2026-04-30,2026-04,Google Ads,Almagro Propiedades,Nacional | AO S | Por Categoria | Propiedades,69944,Almagro S.A,Propiedades,Rengo,I-ALM-2288,True,5570571122,invoiceNumber,Almagro,Facturas Google/Almagro Propiedades/abril_2026/5570571122_Almagro Propiedades.pdf
5570571122,2026-04-30,2026-04,Google Ads,Almagro Propiedades,Nacional | AO S | Por Categoria | Propiedades,69944,Almagro S.A,Propiedades,San Eugenio 2,I-ALM-2227,True,5570571122,invoiceNumber,Almagro,Facturas Google/Almagro Propiedades/abril_2026/5570571122_Almagro Propiedades.pdf
5570571122,2026-04-30,2026-04,Google Ads,Almagro Propiedades,Nacional | AO S | Propiedades | Cuota impresiones,19297,Almagro S.A,Propiedades,Almagro District,I-ALM-2399,True,5570571122,invoiceNumber,Almagro,Facturas Google/Almagro Propiedades/abril_2026/5570571122_Almagro Propiedades.pdf
5570571122,2026-04-30,2026-04,Google Ads,Almagro Propiedades,Nacional | AO S | Propiedades | Cuota impresiones,19297,Almagro S.A,Propiedades,Almagro Hub,I-ALM-2189,True,5570571122,invoiceNumber,Almagro,Facturas Google/Almagro Propiedades/abril_2026/5570571122_Almagro Propiedades.pdf
5570571122,2026-04-30,2026-04,Google Ads,Almagro Propiedades,Nacional | AO S | Propiedades | Cuota impresiones,19296,Almagro S.A,Propiedades,Almagro Plus,I-ALM-2234,True,5570571122,invoiceNumber,Almagro,Facturas Google/Almagro Propiedades/abril_2026/5570571122_Almagro Propiedades.pdf
5570571122,2026-04-30,2026-04,Google Ads,Almagro Propiedades,Nacional | AO S | Propiedades | Cuota impresiones,19296,Almagro S.A,Propiedades,Balance,I-ALM-2358,True,5570571122,invoiceNumber,Almagro,Facturas Google/Almagro Propiedades/abril_2026/5570571122_Almagro Propiedades.pdf
5570571122,2026-04-30,2026-04,Google Ads,Almagro Propiedades,Nacional | AO S | Propiedades | Cuota impresiones,19296,Almagro S.A,Propiedades,Carrera 4,I-ALM-2275,True,5570571122,invoiceNumber,Almagro,Facturas Google/Almagro Propiedades/abril_2026/5570571122_Almagro Propiedades.pdf
5570571122,2026-04-30,2026-04,Google Ads,Almagro Propiedades,Nacional | AO S | Propiedades | Cuota impresiones,19296,Almagro S.A,Propiedades,Indico,I-ALM-1453,True,5570571122,invoiceNumber,Almagro,Facturas Google/Almagro Propiedades/abril_2026/5570571122_Almagro Propiedades.pdf
5570571122,2026-04-30,2026-04,Google Ads,Almagro Propiedades,Nacional | AO S | Propiedades | Cuota impresiones,19296,Almagro S.A,Propiedades,Insigne,I-ALM-2157,True,5570571122,invoiceNumber,Almagro,Facturas Google/Almagro Propiedades/abril_2026/5570571122_Almagro Propiedades.pdf
5570571122,2026-04-30,2026-04,Google Ads,Almagro Propiedades,Nacional | AO S | Propiedades | Cuota impresiones,19296,Almagro S.A,Propiedades,Los Cactus,I-ALM-2342,True,5570571122,invoiceNumber,Almagro,Facturas Google/Almagro Propiedades/abril_2026/5570571122_Almagro Propiedades.pdf
5570571122,2026-04-30,2026-04,Google Ads,Almagro Propiedades,Nacional | AO S | Propiedades | Cuota impresiones,19296,Almagro S.A,Propiedades,Lyon Bilbao,I-ALM-2211,True,5570571122,invoiceNumber,Almagro,Facturas Google/Almagro Propiedades/abril_2026/5570571122_Almagro Propiedades.pdf
5570571122,2026-04-30,2026-04,Google Ads,Almagro Propiedades,Nacional | AO S | Propiedades | Cuota impresiones,19296,Almagro S.A,Propiedades,PLP 1,I-ALM-2226,True,5570571122,invoiceNumber,Almagro,Facturas Google/Almagro Propiedades/abril_2026/5570571122_Almagro Propiedades.pdf
5570571122,2026-04-30,2026-04,Google Ads,Almagro Propiedades,Nacional | AO S | Propiedades | Cuota impresiones,19296,Almagro S.A,Propiedades,PLP 2,I-ALM-2306,True,5570571122,invoiceNumber,Almagro,Facturas Google/Almagro Propiedades/abril_2026/5570571122_Almagro Propiedades.pdf
5570571122,2026-04-30,2026-04,Google Ads,Almagro Propiedades,Nacional | AO S | Propiedades | Cuota impresiones,19296,Almagro S.A,Propiedades,Parque Brasil,I-ALM-2285,True,5570571122,invoiceNumber,Almagro,Facturas Google/Almagro Propiedades/abril_2026/5570571122_Almagro Propiedades.pdf
5570571122,2026-04-30,2026-04,Google Ads,Almagro Propiedades,Nacional | AO S | Propiedades | Cuota impresiones,19296,Almagro S.A,Propiedades,Rengo,I-ALM-2288,True,5570571122,invoiceNumber,Almagro,Facturas Google/Almagro Propiedades/abril_2026/5570571122_Almagro Propiedades.pdf
5570571122,2026-04-30,2026-04,Google Ads,Almagro Propiedades,Nacional | AO S | Propiedades | Cuota impresiones,19296,Almagro S.A,Propiedades,San Eugenio 2,I-ALM-2227,True,5570571122,invoiceNumber,Almagro,Facturas Google/Almagro Propiedades/abril_2026/5570571122_Almagro Propiedades.pdf
5570571122,2026-04-30,2026-04,Google Ads,Almagro Propiedades,Santiago | AO | DemandGen | Propiedades,21659,Almagro S.A,Propiedades,Almagro District,I-ALM-2399,True,5570571122,invoiceNumber,Almagro,Facturas Google/Almagro Propiedades/abril_2026/5570571122_Almagro Propiedades.pdf
5570571122,2026-04-30,2026-04,Google Ads,Almagro Propiedades,Santiago | AO | DemandGen | Propiedades,1861,Almagro S.A,Propiedades,Almagro District,I-ALM-2399,True,5570571122,invoiceNumber,Almagro,Facturas Google/Almagro Propiedades/abril_2026/5570571122_Almagro Propiedades.pdf
5570571122,2026-04-30,2026-04,Google Ads,Almagro Propiedades,Santiago | AO | DemandGen | Propiedades,21659,Almagro S.A,Propiedades,Almagro Hub,I-ALM-2189,True,5570571122,invoiceNumber,Almagro,Facturas Google/Almagro Propiedades/abril_2026/5570571122_Almagro Propiedades.pdf
5570571122,2026-04-30,2026-04,Google Ads,Almagro Propiedades,Santiago | AO | DemandGen | Propiedades,1861,Almagro S.A,Propiedades,Almagro Hub,I-ALM-2189,True,5570571122,invoiceNumber,Almagro,Facturas Google/Almagro Propiedades/abril_2026/5570571122_Almagro Propiedades.pdf
5570571122,2026-04-30,2026-04,Google Ads,Almagro Propiedades,Santiago | AO | DemandGen | Propiedades,21659,Almagro S.A,Propiedades,Almagro Plus,I-ALM-2234,True,5570571122,invoiceNumber,Almagro,Facturas Google/Almagro Propiedades/abril_2026/5570571122_Almagro Propiedades.pdf
5570571122,2026-04-30,2026-04,Google Ads,Almagro Propiedades,Santiago | AO | DemandGen | Propiedades,1861,Almagro S.A,Propiedades,Almagro Plus,I-ALM-2234,True,5570571122,invoiceNumber,Almagro,Facturas Google/Almagro Propiedades/abril_2026/5570571122_Almagro Propiedades.pdf
5570571122,2026-04-30,2026-04,Google Ads,Almagro Propiedades,Santiago | AO | DemandGen | Propiedades,21659,Almagro S.A,Propiedades,Balance,I-ALM-2358,True,5570571122,invoiceNumber,Almagro,Facturas Google/Almagro Propiedades/abril_2026/5570571122_Almagro Propiedades.pdf
5570571122,2026-04-30,2026-04,Google Ads,Almagro Propiedades,Santiago | AO | DemandGen | Propiedades,1861,Almagro S.A,Propiedades,Balance,I-ALM-2358,True,5570571122,invoiceNumber,Almagro,Facturas Google/Almagro Propiedades/abril_2026/5570571122_Almagro Propiedades.pdf
5570571122,2026-04-30,2026-04,Google Ads,Almagro Propiedades,Santiago | AO | DemandGen | Propiedades,21659,Almagro S.A,Propiedades,Carrera 4,I-ALM-2275,True,5570571122,invoiceNumber,Almagro,Facturas Google/Almagro Propiedades/abril_2026/5570571122_Almagro Propiedades.pdf
5570571122,2026-04-30,2026-04,Google Ads,Almagro Propiedades,Santiago | AO | DemandGen | Propiedades,1861,Almagro S.A,Propiedades,Carrera 4,I-ALM-2275,True,5570571122,invoiceNumber,Almagro,Facturas Google/Almagro Propiedades/abril_2026/5570571122_Almagro Propiedades.pdf
5570571122,2026-04-30,2026-04,Google Ads,Almagro Propiedades,Santiago | AO | DemandGen | Propiedades,21659,Almagro S.A,Propiedades,Indico,I-ALM-1453,True,5570571122,invoiceNumber,Almagro,Facturas Google/Almagro Propiedades/abril_2026/5570571122_Almagro Propiedades.pdf
5570571122,2026-04-30,2026-04,Google Ads,Almagro Propiedades,Santiago | AO | DemandGen | Propiedades,1861,Almagro S.A,Propiedades,Indico,I-ALM-1453,True,5570571122,invoiceNumber,Almagro,Facturas Google/Almagro Propiedades/abril_2026/5570571122_Almagro Propiedades.pdf
5570571122,2026-04-30,2026-04,Google Ads,Almagro Propiedades,Santiago | AO | DemandGen | Propiedades,21659,Almagro S.A,Propiedades,Insigne,I-ALM-2157,True,5570571122,invoiceNumber,Almagro,Facturas Google/Almagro Propiedades/abril_2026/5570571122_Almagro Propiedades.pdf
5570571122,2026-04-30,2026-04,Google Ads,Almagro Propiedades,Santiago | AO | DemandGen | Propiedades,1861,Almagro S.A,Propiedades,Insigne,I-ALM-2157,True,5570571122,invoiceNumber,Almagro,Facturas Google/Almagro Propiedades/abril_2026/5570571122_Almagro Propiedades.pdf
5570571122,2026-04-30,2026-04,Google Ads,Almagro Propiedades,Santiago | AO | DemandGen | Propiedades,21659,Almagro S.A,Propiedades,Los Cactus,I-ALM-2342,True,5570571122,invoiceNumber,Almagro,Facturas Google/Almagro Propiedades/abril_2026/5570571122_Almagro Propiedades.pdf
5570571122,2026-04-30,2026-04,Google Ads,Almagro Propiedades,Santiago | AO | DemandGen | Propiedades,1861,Almagro S.A,Propiedades,Los Cactus,I-ALM-2342,True,5570571122,invoiceNumber,Almagro,Facturas Google/Almagro Propiedades/abril_2026/5570571122_Almagro Propiedades.pdf
5570571122,2026-04-30,2026-04,Google Ads,Almagro Propiedades,Santiago | AO | DemandGen | Propiedades,21659,Almagro S.A,Propiedades,Lyon Bilbao,I-ALM-2211,True,5570571122,invoiceNumber,Almagro,Facturas Google/Almagro Propiedades/abril_2026/5570571122_Almagro Propiedades.pdf
5570571122,2026-04-30,2026-04,Google Ads,Almagro Propiedades,Santiago | AO | DemandGen | Propiedades,1861,Almagro S.A,Propiedades,Lyon Bilbao,I-ALM-2211,True,5570571122,invoiceNumber,Almagro,Facturas Google/Almagro Propiedades/abril_2026/5570571122_Almagro Propiedades.pdf
5570571122,2026-04-30,2026-04,Google Ads,Almagro Propiedades,Santiago | AO | DemandGen | Propiedades,21659,Almagro S.A,Propiedades,PLP 1,I-ALM-2226,True,5570571122,invoiceNumber,Almagro,Facturas Google/Almagro Propiedades/abril_2026/5570571122_Almagro Propiedades.pdf
5570571122,2026-04-30,2026-04,Google Ads,Almagro Propiedades,Santiago | AO | DemandGen | Propiedades,1861,Almagro S.A,Propiedades,PLP 1,I-ALM-2226,True,5570571122,invoiceNumber,Almagro,Facturas Google/Almagro Propiedades/abril_2026/5570571122_Almagro Propiedades.pdf
5570571122,2026-04-30,2026-04,Google Ads,Almagro Propiedades,Santiago | AO | DemandGen | Propiedades,21659,Almagro S.A,Propiedades,PLP 2,I-ALM-2306,True,5570571122,invoiceNumber,Almagro,Facturas Google/Almagro Propiedades/abril_2026/5570571122_Almagro Propiedades.pdf
5570571122,2026-04-30,2026-04,Google Ads,Almagro Propiedades,Santiago | AO | DemandGen | Propiedades,1861,Almagro S.A,Propiedades,PLP 2,I-ALM-2306,True,5570571122,invoiceNumber,Almagro,Facturas Google/Almagro Propiedades/abril_2026/5570571122_Almagro Propiedades.pdf
5570571122,2026-04-30,2026-04,Google Ads,Almagro Propiedades,Santiago | AO | DemandGen | Propiedades,21659,Almagro S.A,Propiedades,Parque Brasil,I-ALM-2285,True,5570571122,invoiceNumber,Almagro,Facturas Google/Almagro Propiedades/abril_2026/5570571122_Almagro Propiedades.pdf
5570571122,2026-04-30,2026-04,Google Ads,Almagro Propiedades,Santiago | AO | DemandGen | Propiedades,1860,Almagro S.A,Propiedades,Parque Brasil,I-ALM-2285,True,5570571122,invoiceNumber,Almagro,Facturas Google/Almagro Propiedades/abril_2026/5570571122_Almagro Propiedades.pdf
5570571122,2026-04-30,2026-04,Google Ads,Almagro Propiedades,Santiago | AO | DemandGen | Propiedades,21658,Almagro S.A,Propiedades,Rengo,I-ALM-2288,True,5570571122,invoiceNumber,Almagro,Facturas Google/Almagro Propiedades/abril_2026/5570571122_Almagro Propiedades.pdf
5570571122,2026-04-30,2026-04,Google Ads,Almagro Propiedades,Santiago | AO | DemandGen | Propiedades,1860,Almagro S.A,Propiedades,Rengo,I-ALM-2288,True,5570571122,invoiceNumber,Almagro,Facturas Google/Almagro Propiedades/abril_2026/5570571122_Almagro Propiedades.pdf
5570571122,2026-04-30,2026-04,Google Ads,Almagro Propiedades,Santiago | AO | DemandGen | Propiedades,21658,Almagro S.A,Propiedades,San Eugenio 2,I-ALM-2227,True,5570571122,invoiceNumber,Almagro,Facturas Google/Almagro Propiedades/abril_2026/5570571122_Almagro Propiedades.pdf
5570571122,2026-04-30,2026-04,Google Ads,Almagro Propiedades,Santiago | AO | DemandGen | Propiedades,1860,Almagro S.A,Propiedades,San Eugenio 2,I-ALM-2227,True,5570571122,invoiceNumber,Almagro,Facturas Google/Almagro Propiedades/abril_2026/5570571122_Almagro Propiedades.pdf
